<?xml version="1.0" encoding="UTF-8"?>
<project-private xmlns="http://www.netbeans.org/ns/project-private/1">
    <editor-bookmarks xmlns="http://www.netbeans.org/ns/editor-bookmarks/2" lastBookmarkId="0"/>
    <open-files xmlns="http://www.netbeans.org/ns/projectui-open-files/2">
        <group name="MergeSort">
            <file>file:/C:/Users/DARKENSES/Documents/Merge_Sort/Server/src/server/Server.java</file>
            <file>file:/C:/Users/DARKENSES/Documents/Merge_Sort/Server/src/server/Servidor.java</file>
        </group>
    </open-files>
</project-private>
