<?xml version="1.0" encoding="UTF-8"?>
<project-private xmlns="http://www.netbeans.org/ns/project-private/1">
    <editor-bookmarks xmlns="http://www.netbeans.org/ns/editor-bookmarks/2" lastBookmarkId="0"/>
    <open-files xmlns="http://www.netbeans.org/ns/projectui-open-files/2">
        <group name="Merge Sort Clients and Server">
            <file>file:/C:/Users/DARKENSES/Documents/GitHub/Merge_Client_Server/Client/src/client/Client.java</file>
        </group>
        <group name="MergeSort">
            <file>file:/C:/Users/DARKENSES/Documents/Merge_Sort/Client/src/client/Client.java</file>
        </group>
    </open-files>
</project-private>
